"","rep.0..4.","rep.0..4."
"1",91.5573634599023,216.665066275579
"2",207.90771007941,220.340644304679
"3",148.271011980243,184.767291372463
"4",0,0
