"","rep.0..4.","rep.0..4."
"1",98.2565023672942,204.823874661176
"2",200.262259183932,209.700859510117
"3",140.871248731662,184.961171698059
"4",0,0
