"","rep.0..4.","rep.0..4.","rep.0..4.","rep.0..4.","rep.0..4."
"1",262.656082647413,72.466699221678,322.071817472405,54.9385556786792,293.305804337683
"2",292.896764875073,67.1783295027999,156.840576302779,80.4354229976975,294.7087112895
"3",297.049872409076,25.8828184353952,37.7157970346043,179.638556888589,289.886034250617
"4",0,0,0,0,0
