"","rep.0..4.","rep.0..4.","rep.0..4.","rep.0..4.","rep.0..4."
"1",321.694066284734,34.6163930826815,36.9200460018028,111.279600224453,139.239699561203
"2",210.39747906095,123.771933189484,273.974950130624,122.089946239765,134.170516482309
"3",165.871997351008,128.15337158825,301.094245081441,181.042085881548,153.141510975641
"4",0,0,0,0,0
